MRN,Accession,File_path,Prob_right_mip,Prob_right13_submip,Prob_right23_submip,Prob_right33_submip,Prob_left_mip,Prob_left13_submip,Prob_left23_submip,Prob_left33_submip,Ensemble_probability,Ground_labels,Predicted_labels
AA44311,CBC8150,/data/test_NJ/CBC8150/T1_sub.nii.gz,0.36386966705322266,0.7708640098571777,0.6075337409973145,0.37028069496154786,0.23325488567352295,0.4065553665161133,0.46434383392333983,0.571940279006958,0.7708640098571777,0,1
AA42044,CBC35619,/data/test_NJ/CBC35619/T1_sub.nii.gz,0.5631327629089355,0.1330195188522339,0.6239312171936036,0.5548654556274414,0.0945868194103241,0.12350611686706543,0.14902048110961913,0.3969633340835571,0.6239312171936036,0,1
AA13124,CBC83143,/data/test_NJ/CBC83143/T1_sub.nii.gz,0.28021240234375,0.1586585283279419,0.45602941513061523,0.5673985958099366,0.2391983985900879,0.37393527030944823,0.1928124189376831,0.18058393001556397,0.5673985958099366,0,1
AA98078,CBC6491,/data/test_NJ/CBC6491/T1_sub.nii.gz,0.2746939420700073,0.051497775316238406,0.2857172727584839,0.34660634994506834,0.5121192932128906,0.0742554247379303,0.504641342163086,0.37955102920532224,0.5121192932128906,0,1
